Video title,Video publish time,Duration,Views,Watch time (hours),Subscribers,Estimated revenue (USD),Impressions,Impressions click-through rate (%),Thumbnail Color,Genre,Fandom 
"Golden Tail And Black Fur/Oneshot Solanego Percy Jackson Fanfiction|Shapeshifting, High Schoo AU",6-Feb-26,1631,1306,157.1296,10,8.295,27296,3.25,Yellow,Fluff,PJO
I'm Gay Panicking But It's Fine  ~ A Solangelo Percy Jackson OneShot Fanfiction,24-Apr-21,2085,574,89.241,5,3.952,10113,3.77,Blue,Pining,PJO
And Squeezing Tight As Possible/A Percabeth Percy Jackson OneShot Fanfiction|Modern AU,30-Jul-24,1349,570,41.0035,1,2.416,6660,5.65,Blue,Getting together,PJO
A Piece Of It All/A Percy Jackson Percabeth Hurt/Comfort OneShot Fanfiction,30-Dec-24,517,294,10.8311,1,1.065,3287,6.15,Brown,Angst,PJO
"On The Sunny Side Of The Beach/A Percabeth Oneshot Modern AU Fanfiction|Strangers To Lovers, Fluff",19-Jan-26,965,291,20.0589,1,1.374,2088,8.29,Green,Meet cute,PJO
She Wears the Crown of the School and Key of My Heart A Percabeth Percy Jackson Oneshot Fanfiction,22-Jun-20,1040,181,13.2372,0,1.099,2715,4.68,Blue,Fluff,PJO
At A Party Like This Part 1/4 - A Percabeth High School AU Percy Jackson Fanfiction Story,13-Jul-20,1128,178,13.3616,0,0.946,2239,5.63,Grey,Getting together,PJO
Books Don't Mix With Water Part 1 A Percabeth High School AU Percy Jackson Fanfiction,13-Sep-19,452,178,5.2048,0,0.61,960,6.56,Blue,Getting together,PJO
"Picture You In Polaroids Ch 1:5/Adrienette Miraculous Ladybug Fanfiction|Fluff, University AU",13-Feb-26,458,165,4.4779,0,0.318,6586,1.59,Pink,Fluff,Miraculous
I Ask For Your Hand In Marriage Chapter 1:15 A Percabeth Percy Jackson Royal AU Fanfiction,23-Feb-21,912,164,8.4272,0,0.619,1258,6.76,Blue,Getting together,PJO
You're A Mean One Ms Chase Part 1 of 5 A Percabeth Percy Jackson Christmas AU Fanfiction,1-Dec-20,795,115,7.5037,1,0.571,1433,5.65,Blue,Holiday,PJO
"Picture You In Polaroids Ch 2:5/Adrienette Miraculous Ladybug Fanfiction|Fluff, University AU",20-Feb-26,572,109,2.9301,0,0.192,4878,1.64,Pink,Fluff,PJO
You're A Mean One Ms Chase Part 5 of 5 Finale A Percabeth Percy Jackson Christmas AU Fanfiction,24-Dec-20,1024,102,9.6875,0,0.783,338,13.91,Blue,Holiday,PJO
Books Don't Mix With Water Part 19 Finale Percabeth Percy Jackson High School AU Fanfiction,19-Feb-21,790,95,9.4069,0,0.46,272,18.01,Blue,Getting together,PJO
Books Don't Mix With Water Part 11 A Percabeth High School AU Percy Jackson Fanfiction,11-Oct-20,1053,90,10.1577,0,0.432,590,8.81,Blue,Getting together,PJO
Family Time - A Oneshot Continuation of I Ask For Your Hand In Marriage Percabeth AU Fanfiction,18-May-21,670,83,4.6908,0,0.29,492,8.33,Blue,Fluff,PJO
I Ask For Your Hand In Marriage Chapter 15 Finale A Percabeth Royal AU Fanfiction,8-Apr-21,857,77,5.7561,0,0.233,341,8.21,Blue,Getting together,PJO
Books Don't Mix With Water Part 13 A Percabeth High School AU Percy Jackson Fanfiction,28-Oct-20,775,76,7.5853,0,0.314,530,7.92,Blue,Getting together,PJO
Books Don't Mix With Water Part 10 A Percabeth High School AU Percy Jackson Fanfiction,19-Sep-20,732,76,6.6812,0,0.308,507,7.89,Blue,Getting together,PJO
Books Don't Mix With Water Part 6 A Percabeth High School AU Percy Jackson Fanfiction,17-Apr-20,755,75,7.1507,0,0.401,535,7.66,Blue,Getting together,PJO
Books Don't Mix With Water Part 9 A Percabeth High School AU Percy Jackson Fanfiction,29-Jul-20,1054,74,9.2934,0,0.395,510,7.06,Blue,Getting together,PJO
Books Don't Mix With Water Part 18 Percabeth Percy Jackson High School AU Fanfiction,25-Jan-21,771,74,7.3442,0,0.294,390,9.49,Blue,Getting together,PJO
Oh For The Love Of Flowers Ch 1 of 5/A Percy Jackson Percabeth Fanfiction,2-Dec-24,785,73,4.9996,0,0.292,958,4.7,Orange,Fluff,PJO
Fly Back Breast Free Chapter 1:3 A Percabeth Percy Jackson AU Love Story Fanfiction,8-Jan-21,901,72,5.7538,0,0.416,772,5.05,Blue,Meet cute,PJO
Books Don't Mix With Water Part 5 A Percabeth High School AU Percy Jackson Fanfiction,13-Mar-20,545,72,5.4824,1,0.303,585,5.64,Blue,Getting together,PJO
Books Don't Mix with Water Part 8 A Percabeth AU Percy Jackson Fanfiction Story,26-Jun-20,578,72,5.7146,0,0.3,572,7.69,Blue,Getting together,PJO
Books Don't Mix With Water Part 15 A Percabeth High School AU Percy Jackson Fanfiction,23-Dec-20,676,70,6.5158,0,0.29,544,6.62,Blue,Getting together,PJO
Books Don't Mix With Water Part 7 A Percabeth High School AU Percy Jackson Fanfiction,8-May-20,791,70,7.4006,0,0.33,557,7.54,Blue,Getting together,PJO
Books Don't Mix With Water Part 2 A Percabeth High School AU Percy Jackson Fanfiction,12-Sep-19,277,70,2.5278,0,0.238,741,4.99,Blue,Getting together,PJO
At A Party Like This Part 3/4 - A Percabeth  High School AU Percy Jackson Fanfiction Story,9-Sep-20,993,70,9.458,0,0.43,358,14.8,Grey,Meet cute,PJO
You're A Mean One Ms Chase Part 3 of 5 A Percabeth Percy Jackson Christmas AU Fanfiction,13-Dec-20,908,68,6.136,0,0.465,738,5.15,Blue,Holiday,PJO
Books Don't Mix With Water Part 3 A Percabeth High School AU Percy Jackson Fanfiction,26-Sep-19,403,66,3.527,0,0.179,656,5.64,Blue,Getting together,PJO
Books Don't Mix With Water Part 14 A Percabeth High School AU Percy Jackson Fanfiction,22-Nov-20,656,66,5.9729,0,0.297,552,7.25,Blue,,PJO
Books Don't Mix With Water Part 12 A Percabeth High School AU Percy Jackson Fanfiction,21-Oct-20,747,65,6.8576,0,0.291,499,7.82,Blue,Genre,PJO
At A Party Like This Part 2 /4  - A Percabeth High School AU Percy Jackson Fanfiction Story,26-Aug-20,750,65,6.1136,0,0.43,587,8.52,Grey,Meet cute,PJO
Books Don't Mix With Water Part 17 Percabeth Percy Jackson High School AU Fanfiction,13-Jan-21,551,64,4.9043,0,0.234,523,6.69,Blue,Getting together,PJO
Books Don't Mix With Water Part 4 A Percabeth High School AU Percy Jackson Fanfiction,20-Dec-19,358,64,3.1829,0,0.275,563,6.04,Blue,Getting together,PJO
Fly Back Breast Free Chapter 2:3 A Percabeth Percy Jackson AU Love Story Fanfiction,15-Jan-21,1174,62,5.7146,0,0.38,240,13.75,Blue,Meet cute,PJO
At A Party Like This Part 4/4 - Finale A Percabeth High School AU Percy Jackson Fanfiction Story,30-Sep-20,1016,62,7.7722,0,0.273,212,16.98,Grey,Meet cute,PJO
You're A Mean One Ms Chase Part 4 of 5 A Percabeth Percy Jackson Christmas AU Fanfiction,17-Dec-20,826,61,5.6503,0,0.353,431,8.12,Blue,Holiday,PJO
Just A Duet Part 1 - A Percabeth Show Choir Percy Jackson AU Fanfiction,10-Aug-21,1056,60,5.1562,0,0.264,724,4.97,Blue,Getting together,PJO
Books Don't Mix With Water Part 16 Percabeth Percy Jackson High School AU Fanfiction,3-Jan-21,429,58,3.4351,1,0.108,463,7.99,Blue,Getting together,PJO
You're A Mean One Ms Chase Part 2 of 5 A Percabeth Percy Jackson Christmas AU Fanfiction,7-Dec-20,917,56,6.0227,0,0.412,766,4.44,Grey,Holiday,PJO
I Ask For Your Hand In Marriage Chapter 2 A Percabeth Percy Jackson Royal AU Fanfiction Love Story,25-Feb-21,785,56,4.6574,0,0.178,719,4.87,Blue,Getting together,PJO
I Ask For Your Hand In Marriage Chapter 14 A Percabeth Royal AU Fanfiction,6-Apr-21,893,54,4.2135,0,0.149,283,9.89,Blye,Getting together,PJO
Oh For The Love Of Flowers Finale Ch 5 of 5/A Percy Jackson Percabeth Fanfiction,5-Jan-25,636,52,3.4498,0,0.139,679,3.68,Orange,Fluff,PJO
I Ask For Your Hand In Marriage Chapter 13 A Percabeth Royal AU Fanfiction,4-Apr-21,543,50,2.9254,0,0.063,274,9.85,Blue,Getting together,PJO
I Ask For Your Hand In Marriage Chapter 8 A Percabeth Percy Jackson Royal AU Fanficiton Love Story,25-Mar-21,1358,46,4.7435,0,0.103,299,8.03,,Getting together,PJO
I Ask For Your Hand In Marriage Chapter 3 A Percabeth Percy Jackson Royal AU Fanfiction Love Story,27-Feb-21,1024,46,3.5152,0,0.459,703,4.55,Blue,Getting together,PJO
I Ask For Your Hand In Marriage Chapter 4 A Percabeth Percy Jackson Royal AU Fanfiction Love Story,17-Mar-21,647,44,2.8712,0,0.152,441,6.12,Blue,Getting together,PJO
"Kill You Or Kiss You Ch 1:5/Dramione Harry Potter Fanfiction|Exes To Lovers, Forced Proximity",26-Jan-26,888,44,1.8004,0,0.15,1243,1.93,Green,Angst,Harry Potter
Fly Back Breast Free REUPLOAD Finale Chapter 3:3 A Percy Jackson Club Swim AU Percabeth Fanfiction,26-Jan-21,916,44,4.6439,0,0.286,148,12.16,Blue,Meet cute,PJO
"Wistful Thinking/Jason Grace and Piper Mclean, Percy Jackson OneShot Fanfiction, High School Reunion",23-Apr-22,1104,43,3.4272,0,0.1,1231,2.52,Yellow,Angst,PJO
Oh For The Love Of Flowers Ch 2 of 5/A Percy Jackson Percabeth Fanfiction,12-Dec-24,697,42,3.1661,0,0.145,605,3.8,Orange,Fluff,PJO
I Ask For Your Hand In Marriage Chapter 6 A Percabeth Percy Jackson Royal AU Fanficiton Love Story,21-Mar-21,963,41,4.0606,0,0.102,408,6.37,Blue,Getting together,PJO
I Ask For Your Hand In Marriage Chapter 12 A Percabeth Percy Jackson Royal AU Fanficiton Love Story,2-Apr-21,1161,39,3.7604,0,0.142,276,8.7,Blue,Getting together,PJO
Oh For The Love Of Flowers Ch 3 of 5/A Percy Jackson Percabeth Fanfiction,28-Dec-24,533,39,2.548,0,0.128,534,2.81,Orange,Fluff,PJO
I Ask For Your Hand In Marriage Chapter 5 A Percabeth Percy Jackson Royal AU Fanfiction Love Story,19-Mar-21,1124,37,3.7243,0,0.183,417,6.24,Blue,Getting together,PJO
Oh For The Love Of Flowers Ch 4 of 5/A Percy Jackson Percabeth Fanfiction,2-Jan-25,621,37,2.4823,0,0.085,621,3.54,Orange,Fluff,PJO
Just A Duet Part 3 - A Peracebth Show Choir Percy Jackson AU Fanfiction,22-Aug-21,1042,37,4.3923,0,0.176,313,7.67,Blue,Getting together,PJO
Just A Duet Part 4 - A Percabeth Show Choir Percy Jackson AU Fanfiction,25-Aug-21,1016,37,4.6416,0,0.939,325,5.85,Blue,Getting together,PJO
Kiss Me In My Heels Chapter 1:2/A Miraculous Ladybug Adrienette High School Prom AU Fanfiction,19-Aug-24,750,37,1.4379,0,0.096,654,3.67,Pink,Meet cute,Miraculous
Just A Duet Part 2 - A Percabeth Show Choir Percy Jackson AU Fanfiction,13-Aug-21,1153,36,5.4831,0,0.151,354,6.5,Blue,Getting together,PJO
I Ask For Your Hand In Marriage Chapter 7 A Percabeth Percy Jackson Royal AU Fanficiton Love Story,23-Mar-21,565,36,1.7759,0,0.065,328,6.4,Blue,Getting together,PJO
"In Any Lifetime/A Percy Jackson Jasper Oneshot Fanfiction ~ Angst, Hurt No Comfort, Post-Breakup",29-Sep-25,571,36,1.3289,0,0.055,920,1.63,Brown,Angst,PJO
"Kill You Or Kiss You Ch 2:5/Dramione Harry Potter Fanfiction|Exes To Lovers, Audiobook",10-Feb-26,1149,34,1.8287,0,0.183,1759,1.42,Green,Angst,Harry Potter
I Ask For Your Hand In Marriage Chapter 11 A Percabeth Percy Jackson Royal AU Fanficiton Love Story,31-Mar-21,835,33,2.8246,1,0.071,287,7.67,Blue,Getting together,PJO
I Ask For Your Hand In Marriage Chapter 10 A Percabeth Percy Jackson Royal AU Fanficiton Love Story,29-Mar-21,1119,31,2.9932,0,0.093,270,7.04,Blue,Getting together,PJO
That Was Our Place I Found It First/Miraculous Ladybug Fanfiction|Lukanette AU Angst Exes Oneshot,11-Dec-21,722,30,1.3741,0,0.086,405,4.44,Blue,Angst,Miraculous
Just A Duet Part 6 Finale - A Percabeth Show Choir Percy Jackson AU Fanfiction,3-Sep-21,1074,30,2.8362,0,0.086,237,10.13,Blue,Getting together,PJO
Just A Duet Part 5 - A Percabeth Show Choir Percy Jackson AU Fanfiction,31-Aug-21,1168,30,3.8673,0,0.099,313,6.07,Blue,Getting together,PJO
Rooftop Kisses - A Ladynoir Oneshot Miraculous Ladybug Fanfiction,29-Jun-21,754,29,1.7304,0,0.065,464,4.53,Red,Fluff,Miraculous
Next To You Starstruck Chapter 1:24 An Adrienette Neighbor AU Miraculous Ladybug Fanfiction,4-May-21,1280,29,4.337,0,0.099,438,1.6,,,
I Ask For Your Hand In Marriage Chapter 9 A Percabeth Percy Jackson Royal AU Fanficiton Love Story,27-Mar-21,899,26,2.4651,0,0.082,225,6.22,,,
Washing It All Away (Tears Of Tomorrow) An Adrienette Miraculous Ladybug OneShot Fanfiction,6-Sep-21,1005,21,1.0296,0,0.066,367,3,,,
Next To You Starstruck Chapter 3 An Adrienette Neighbor AU Miraculous Ladybug Fanfiction,8-May-21,1110,21,3.6561,0,0.058,281,0,,,
I Laugh to Cover the Pain A Leo Valdez Percy Jackson Fanfiction,10-Oct-19,319,20,0.7286,0,0.101,313,5.43,,,
"Kill You Or Kiss You Ch 3:5/Dramione Harry Potter Fanfiction|Exes To Lovers, Audiobook",23-Feb-26,1090,18,0.7048,0,0.077,914,1.64,,,
Next To You Starstruck Chapter 2 An Adrienette Neighbor AU Miraculous Ladybug Fanfiction,6-May-21,874,17,3.037,0,0.046,292,0.34,,,
It's Been So Long Part 1 An Adrienette Miraculous Ladybug Fanfiction,22-Jul-19,832,14,0.7001,0,0.003,138,2.9,,,
A Kiss For A Card Chapter 1:3 An Adrienette Miraculous Ladybug Valentine's Day Love Story Fanfiction,12-Feb-21,959,14,0.9494,0,0.04,181,3.87,,,
Bring Me Java(Bring Me Joy)Ch1/Miraculous Ladybug Adrienette Audiofic|Cafe AU Fluff MeetCute Pining,26-Jan-22,1019,14,1.1051,0,0.073,304,1.97,,,
Next To You Starstruck Chapter 5 An Adrienette Neighbor AU Miraculous Ladybug Fanfiction,12-May-21,1376,13,2.5925,0,0.044,239,0.42,,,
OLD Fly Back Breast Free Chapter 3:3 A Percabeth AU Percy Jackson Love Story Fanfiction,21-Jan-21,931,13,0.5874,0,0.014,104,7.69,,,
In The Bright Moonlight (You're My Sun)Day 1 - Ladynoir July Miraculous Ladybug Fanfiction,1-Jul-21,644,12,0.8042,0,0.061,198,3.03,,,
Next To You Starstruck Chapter 4 An Adrienette Neighbor AU Miraculous Ladybug Fanfiction,10-May-21,809,12,1.8598,0,0.04,264,0.38,,,
Next To You Starstruck Chapter 9 An Adrienette Neighbor AU Miraculous Ladybug Fanfiction,22-May-21,1379,12,2.2502,0,0.024,164,0.61,,,
Will you be my Valentine A Miraculous Ladybug OneShot Fanfiction,14-Feb-20,1361,11,1.1432,1,0.027,212,3.77,,,
It's Been So Long Part 13 An Adrienette Miraculous Ladybug Fanfiction,24-Apr-20,1206,11,0.6105,0,,110,2.73,,,
Next To You Starstruck Chapter 12 An Adrienette Neighbor AU Miraculous Ladybug Fanfiction,1-Jun-21,1295,11,1.8787,0,0.023,154,1.3,,,
Kiss Me In My Heels Chapter 2:2 Finale/Miraculous Ladybug Adrienette High School Prom AU Fanfiction,24-Aug-24,453,11,0.5808,0,0.034,357,1.4,,,
Oh Saturday Sun (I Met Someone)Ch 1/Miraculous Ladybug Fanfiction|Adrienette AU High School Fluff,1-Jan-22,751,11,0.5555,0,0.056,237,1.69,,,
Next To You Starstruck Chapter 11 An Adrienette Neighbor AU Miraculous Ladybug Fanfiction,28-May-21,1253,9,2.2987,0,0.025,141,0.71,,,
Music in the Cafe - Day Eighteen//A Lukanette Month Long Fanfiction,18-Jun-20,1767,9,0.0125,0,0.021,26,0,,,
Next To You Starstruck Chapter 10 An Adrienette Neighbor AU Miraculous Ladybug Fanfiction,26-May-21,1424,9,1.7881,0,0.045,140,2.14,,,
On The Trail Of Petals Chapter 1 A Hanahaki AU Adrientte Miraculous Ladybug Fanfiction Love Story,27-Jan-21,1312,8,0.3967,0,0.003,97,2.06,,,
Next To You Starstruck Chapter 7 An Adrienette Neighbor AU Miraculous Ladybug Fanfiction,16-May-21,1410,8,2.158,0,0.034,133,0.75,,,
And Right There Where We Stood Ch.1:7 - A Ladynoir Miraculous Ladybug Fanfiction (aged-up),11-Sep-21,1123,8,0.6977,0,0.046,332,1.2,,,
Next To You Starstruck Chapter 6 An Adrienette Neighbor AU Miraculous Ladybug Fanfiction,14-May-21,1377,8,1.7904,0,0.026,176,0.57,,,
Tossing Rocks At Your Window Ch.1 - A Marichat Miraculous Ladybug Fanfiction,4-Aug-21,1011,8,0.5169,0,0.025,276,1.45,,,
It's Been So Long Part 2 An Adrienette Miraculous Ladybug Fanfiction,24-Jul-19,1139,8,0.6119,0,0.003,90,2.22,,,
Next To You Starstruck Chapter 8 An Adrienette Neighbor AU Miraculous Ladybug Fanfiction,20-May-21,1010,7,1.5368,0,0.022,165,0.61,,,
Music in the Cafe - Day Seventeen//A Lukanette Month Long Fanfiction,17-Jun-20,733,7,0.0075,0,0.022,22,0,,,
Next To You Starstruck Chapter 13 An Adrienette Neighbor AU Miraculous Ladybug Fanfiction,3-Jun-21,1534,7,1.2775,0,0.034,129,1.55,,,
In The Bright Moonlight (You're My Sun)//Day 2 -  Ladynoir July Miraculous Ladybug Fanfiction,2-Jul-21,730,7,0.5208,0,0.038,168,2.98,,,
It's Been So Long Part 12 An Adrienette Miraculous Ladybug Fanfiction,24-Mar-20,1088,7,0.5508,0,0,106,3.77,,,
Music in the Cafe - Day Sixteen//A Lukanette Month Long Fanfiction,16-Jun-20,938,6,0.009,0,0.004,23,0,,,
A Quick Cup of Coffee A Ladrien Fanfic Oneshot Miraculous Ladybug,29-Jul-19,185,6,0.0583,0,0.006,243,1.23,,,
Running Jumping Leaping Towards Love A Miraculous Ladybug fanfic Part 1,31-Dec-19,702,6,0.1789,0,0,46,4.35,,,
Cat Instincts Part 1/5 - A Marichat  Miraculous Ladybug Fanfiction Love Story,10-Oct-20,624,6,0.5932,0,0.042,94,2.13,,,
Music in the Cafe - Day Thirteen//A Lukanette Month Long Fanfiction,13-Jun-20,1289,6,0.0101,0,,23,0,,,
No - A LadyNoir Miraculous Ladybug Oneshot Fanfiction Story,16-Sep-20,649,6,0.2997,0,0.018,207,2.42,,,
Music in the Cafe - Day Fifteenth//A Lukanette Month Long Fanfiction,15-Jun-20,802,6,0.0038,0,,25,0,,,
Oh Saturday Sun(I Met Someone)Ch.2/Miraculous Ladybug Fanfiction| Adrienette AU High School Fluff,8-Jan-22,712,5,0.3727,0,0.006,221,0.9,,,
In The Bright Moonlight (You're My Sun)Day 6 - Ladynoir July Miraculous Ladybug Fanfiction,6-Jul-21,710,5,0.1435,0,0.011,138,2.17,,,
In The Bright Moonlight (You're My Sun)//Day 3 - Ladynoir July Miraculous Ladybug Fanfiction,3-Jul-21,728,5,0.5332,0,0.075,145,2.07,,,
Bring Me Java(Bring Me Joy)Ch2Miraculous Ladybug Adrienette Audiofic Cafe AU Fluff MeetCute Pining,2-Feb-22,765,5,0.4237,0,0.016,233,0.43,,,
Little Darlings An Adrientte OneShot Fanfictions,3-Apr-20,1414,5,0.0807,0,0.007,122,3.28,,,
In The Bright Moonlight (You're My Sun)//Day 4 - Ladynoir July Miraculous Ladybug Fanfiction,4-Jul-21,578,5,0.2581,0,0.021,144,1.39,,,
Cat Instincts - Part 4/5 - A Marichat Miraculous Ladybug Fanfiction Love Story,18-Nov-20,774,5,0.4837,0,0.02,58,1.72,,,
Can I Ask You a Question Part 1 of 4//Ladrien - A Miraculous Ladybug Love Square Fanfiction story,12-Aug-20,599,5,0.2162,0,0.003,58,6.9,,,
It's Been So Long Part 14 An Adrienette Miraculous Ladybug Fanfiction,15-May-20,1490,5,0.6421,0,0.001,70,2.86,,,
Pretty Asian Girl Part 1/3 - An Adrientte Miraculous Ladybug Fan-fiction story,19-May-20,947,5,0.2685,0,0.022,154,1.95,,,
Oh Saturday Sun(I Met Someone)Ch.3/Miraculous Ladybug Fanfiction|Adrienette AU High School Fluff,15-Jan-22,730,5,0.2808,0,0.014,228,0.88,,,
Next To You Starstruck Chapter 18 An Adrienette Neighbor AU Miraculous Ladybug Fanfiction,15-Jun-21,1372,5,0.6907,0,0.019,151,0.66,,,
Music in the Cafe - Day Fourteen//A Lukanette Month Long Fanfiction,14-Jun-20,727,5,0.0031,0,0.005,23,0,,,
Bring Me JavaBring Me Joy Ch3/Miraculous Ladybug Adrienette Audiofic Cafe AU Fluff MeetCute Pining,9-Feb-22,805,5,0.6325,0,0.038,250,0.4,,,
Underneath The Mistletoe Part 1 of 5 An Adrienette Christmas AU Miraculous Ladybug Fanfiction,5-Dec-20,551,5,0.1763,0,0.027,143,2.1,,,
The 5th and The 1st Chapter 1:6 An Adrienette Miraculous Ladybug Fanfiction,2-Mar-21,569,5,0.35,,0.002,217,0.92,,,
In The Bright Moonlight (You're My Sun)//Day 5 - Ladynoir July Miraculous Ladybug Fanfiction,5-Jul-21,591,5,0.1472,0,0.021,144,1.39,,,
Next To You Starstruck Chapter 16 An Adrienette Neighbor AU Miraculous Ladybug Fanfiction,9-Jun-21,936,4,0.4956,0,0.019,128,0.78,,,
Next To You Starstruck Chapter 14 An Adrienette Neighbor AU Miraculous Ladybug Fanfiction,5-Jun-21,1303,4,0.8385,0,0.007,133,1.5,,,
The Princess and her Prince//Day 11 - A Month Long Marichat Miraculous Ladybug Fanfiction,11-Aug-19,166,4,0.0795,0,0.002,41,4.88,,,
It's Been So Long Part 4 An Adrienette Miraculous Ladybug Fanfiction,8-Aug-19,600,4,0.2498,0,0.001,51,3.92,,,
It's Been So Long Part 8 An Adrienette Miraculous Ladybug Fanfiction,9-Dec-19,665,4,0.2767,0,0,56,3.57,,,
It's Been So Long Part 10 An Adrienette Miraculous Ladybug Fanfiction,11-Jan-20,1078,4,0.4485,0,0,62,3.23,,,
It's Been So Long Part 24 An Adrientte Miraculous Ladybug Fanfiction,19-Oct-20,2337,4,0.3293,0,,92,3.26,,,
Lay An Open Rose Garden Chapter 8 An Adrienette Hanahaki AU Miraculous Ladybug Fanfiction,28-Apr-21,784,4,0.3892,0,0,119,0.84,,,
It's Been So Long Part 7 An Adrienette Miraculous Ladybug Fanfiction,14-Sep-19,796,4,0.3538,0,0.002,52,1.92,,,
Can I Ask You A Question Part 2 of 4//Ladynoir ~ A Miraculous Ladybug Love Sqaure Fanfiction,2-Sep-20,749,4,0.0027,0,,57,5.26,,,
Next To You Starstruck Chapter 19 An Adrienette Neighbor AU Miraculous Ladybug Fanfiction,17-Jun-21,1187,4,0.5352,0,0.011,146,1.37,,,
Deathly Afraid of Loving You Part (1/5) A LadyNoir Miraculous Ladybug Fanfiction,19-Sep-19,309,4,0.1938,0,0.016,63,3.17,,,
It's Been So Long Part 6 An Adrienette Miraculous Ladybug Fanfiction,5-Sep-19,821,4,0.384,0,0.003,53,3.77,,,
Cat Instincts Part 2/5 - A Marichat Miraculous Ladybug Fanfiction Love Story,30-Oct-20,738,4,0.5924,0,0.02,61,3.28,,,
Lay An Open Rose Garden Chapter 3 An Adrienette Hanahaki AU Miraculous Ladybug Fanfiction,14-Apr-21,625,4,0.161,0,,110,1.82,,,
Music in the Cafe - Day Twelve//A Lukanette Month Long Fanfiction,12-Jun-20,771,4,0.0022,0,0.019,22,0,,,
Good Girls Like Bad Boys Part 1/7 - A Tikki and Plagg Fairy AU Miraculous Ladybug Fanfiction,1-Feb-20,693,4,0.1183,0,0.003,49,6.12,,,
Deathly Afraid of Loving You Part (4/5) A LadyNoir Miraculous Ladybug Fanfiction,29-Sep-19,403,4,0.2778,0,0.006,41,4.88,,,
Lay An Open Rose Garden Chapter 6 An Adrienette Hanahaki AU Miraculous Ladybug Fanfiction,22-Apr-21,589,4,0.1746,0,0,127,2.36,,,
And Right There Where We Stood Ch.7 Finale/Ladynoir Miraculous Ladybug Fanfiction,9-Jan-22,1088,4,0.3086,0,0.012,228,1.75,,,
Next To You Starstruck Chapter 24:24 Finale An Adrienette Neighbor AU Miraculous Ladybug Fanfiction,27-Jun-21,1312,4,0.1614,0,0.008,136,0.74,,,
Music in the Cafe-Day Twenty-Eight//A Lukentte Month Long AU Fanfiction Series,28-Jun-20,791,4,0.004,0,,25,0,,,
Oh Saturday Sun I Met Someone Ch4/Miraculous Ladybug Fanfiction|Adrienette AU High School Fluff,22-Jan-22,899,4,0.1999,0,0.032,226,0.88,,,
On The Trail Of Petals Chapter 11 Finale A Hanahaki Adrienette Miraculous Ladybug Fanfiction,17-Feb-21,1089,4,0.3053,0,,65,1.54,,,
It's Been So Long Part 3 An Adrienette Miraculous Ladybug Fanfiction,28-Jul-19,840,4,0.3903,0,0.001,71,2.82,,,
Next To You Starstruck Chapter 17 An Adrienette Neighbor AU Miraculous Ladybug Fanfiction,13-Jun-21,1222,4,0.5759,0,0.024,150,0.67,,,
Deathly Afraid of Loving You Part (5/5) A LadyNoir Miraculous Ladybug Fanfiction,30-Sep-19,162,4,0.1107,0,0.007,42,4.76,,,
It's Been So Long Part 11 An Adrienette Miraculous Ladybug Fanfiction,4-Mar-20,1457,4,0.6127,0,0,54,3.7,,,
Cat Instincts - Part 3/5 - A Marichat Miraculous Ladybug Fanfiction Love Story,4-Nov-20,718,4,0.4149,0,0.011,71,1.41,,,
Music in the Cafe - Day Eleven//A Lukanette Month Long Fanfiction,11-Jun-20,1030,4,0.0124,0,,23,0,,,
Underneath The Mistletoe Part 5 of 5 Finale An Adrienette Christmas AU Miraculous Ladybug Fanfiction,25-Dec-20,629,4,0.1802,0,0.024,86,2.33,,,
It's Been So Long Part 5 An Adrienette Miraculous Ladybug Fanfiction,29-Aug-19,577,4,0.2405,0,,60,3.33,,,
Music in the Cafe - Day Twenty-Seven//A Lukanette Month Long AU Fanfiction Story,27-Jun-20,404,4,0.0032,0,,23,0,,,
It's Been So Long Part 9 An Adrienette Miraculous Ladybug Fanfiction,21-Dec-19,1066,4,0.4809,0,0.001,54,1.85,,,
Music in the Cafe - Day Nine//A Lukanette Month Long Fan-fiction story,9-Jun-20,763,4,0.0075,0,,22,0,,,
It's been so long Part 16 A Miraculous Ladybug Adrienette Fanfiction story,10-Jun-20,1216,3,0.4494,0,0.003,69,2.9,,,
It's Been So Long Part 17 An Adrientte Miraculous Ladybug Fanfiction Story,3-Jul-20,1465,3,0.2659,0,0,80,2.5,,,
In The Bright Moonlight (You're My Sun)Day 7 - Ladynoir July Miraculous Ladybug Fanfiction,7-Jul-21,671,3,0.0883,0,0.004,135,2.22,,,
Next To You Starstruck Chapter 22 An Adrienette Neighbor AU Miraculous Ladybug Fanfiction,23-Jun-21,1434,3,0.3992,0,0.017,155,1.29,,,
Oh Saturday Sun I Met Someone Ch8|Miraculous Ladybug Fanfiction Adrienette AU High School Fluff,19-Feb-22,730,3,0.0028,0,,261,0,,,
Deathly Afraid of Loving You Part (3/5) A LadyNoir Miraculous Ladybug Fanfiction,25-Sep-19,240,3,0.1636,0,0.006,42,4.76,,,
Pretty Asian Girl Part 3/3 Finale - An Adrientte Miraculous Ladybug Fanfiction story,13-Jun-20,972,3,0.1613,0,,31,6.45,,,
Next To You Starstruck Chapter 21 An Adrienette Neighbor AU Miraculous Ladybug Fanfiction,21-Jun-21,1619,3,0.6531,0,0.025,127,0.79,,,
Next To You Starstruck Chapter 20 An Adrienette Neighbor AU Miraculous Ladybug Fanfiction,19-Jun-21,1099,3,0.4679,0,0.02,129,1.55,,,
Lay An Open Rose Garden Chapter 5 An Adrienette Hanahaki AU Miraculous Ladybug Fanfiction,20-Apr-21,624,3,0.1733,0,,129,1.55,,,
Running Jumping Leaping towards Love An Adrienette Fanfiction Part 5,29-May-20,720,3,0.2078,0,,98,2.04,,,
I'll Grow A Flower For You Chapter 1:3 An Adrienette AU Miraculous Ladybug Fanfiction Love Story,10-Jan-21,751,3,0.0291,0,0.015,120,1.67,,,
On The Trail Of Petals Chapter 9 A Hanahaki Adrienette Miraculous Ladybug Fanfiction,13-Feb-21,895,3,0.253,0,,72,1.39,,,
Cat Instincts Part 5/5 Finale - A Marichat Miraculous Ladybug Fanfiction Love Story,25-Nov-20,649,3,0.2999,0,0.019,49,2.04,,,
Lay An Open Rose Garden Chapter 2 An Adrienette Hanahaki AU Miraculous Ladybug Fanfiction,12-Apr-21,595,3,0.1659,0,,118,1.69,,,
It's Been So Long Part 18 An Adrienette Miraculous Ladybug Fanfiction Story,17-Jul-20,1225,3,0.1842,0,,65,3.08,,,
Lay An Open Rose Garden Chapter 1:9 An Adrienette Hanahaki AU Miraculous Ladybug Fanfiction,10-Apr-21,619,3,0.1719,0,,149,1.34,,,
Lay An Open Rose Garden Chapter 4 An Adrienette Hanahaki AU Miraculous Ladybug Fanfiction,16-Apr-21,598,3,0.1718,0,,126,1.59,,,
On The Trail Of Petals Chapter 2 A Hanahaki AU Adrientte Miraculous Ladybug Fanfiction,30-Jan-21,1179,3,0.2977,0,,70,1.43,,,
Deathly Afraid of Loving You Part (2/5) A LadyNoir Miraculous Ladybug Fanfiction,21-Sep-19,185,3,0.126,0,0.007,41,4.88,,,
Oh Saturday Sun I Met Someone Ch9/Miraculous Ladybug Fanfiction|Adrienette AU High School Fluff,26-Feb-22,808,3,0.0465,0,0,313,0.64,,,
Lay An Open Rose Garden Chapter 9 Finale An Adrienette Hanahaki AU Miraculous Ladybug Fanfiction,2-May-21,771,3,0.0773,0,0.008,96,1.04,,,
It's Been So Long Part 15 An Adrienette Miraculous Ladybug Fanfiction,22-May-20,1734,3,0.5256,0,0.001,71,2.82,,,
It's Been So Long Part 27 An Adrienette Miraculous Ladybug Fanfiction,29-Nov-20,1282,3,0.1828,0,0.002,98,2.04,,,
It's Been So Long Part 25 An Adrientte Miraculous Ladybug Fanfiction,7-Nov-20,1163,3,0.1603,0,,88,3.41,,,
Speaking Just For You//Thantophobia - A Oneshot Miraculous Ladybug Adrientte Fanfiction,11-Nov-20,1161,3,0.0705,0,,73,0,,,
Bring Me JavaBring Me Joy Ch5/Miraculous Ladybug Adrienette Audiofic Cafe AU Fluff Mee-tCute Pining,23-Feb-22,760,3,0.0018,0,0,296,0.68,,,
Next To You Starstruck Chapter 15 An Adrienette Neighbor AU Miraculous Ladybug Fanfiction,7-Jun-21,1340,3,0.5851,0,0.016,140,0.71,,,
Music in the Cafe - Day One//A Lukanette AU Month Long Fanfiction,1-Jun-20,652,3,0.3504,0,0.004,49,2.04,,,
Oh Saturday Sun I Met Someone Ch5/Miraculous Ladybug Fanfiction|Adrienette AU High School Fluff,29-Jan-22,946,3,0.1891,0,0.015,217,0.46,,,
Deja vu A Lukanette  Miraculous Ladybug Fanfic Oneshot,20-Jul-19,389,3,0.0015,0,,40,0,,,
Lay An Open Rose Garden Chapter 7 An Adrienette Hanahaki AU Miraculous Ladybug Fanfiction,26-Apr-21,575,3,0.2414,0,0.001,108,2.78,,,
The Princess and her Prince//Day 1 - A Month Long Marichat Miraculous Ladybug Fanfiction,1-Aug-19,218,3,0.0917,0,0.001,59,3.39,,,
Running Jumping Leaping Towards Love Part 7 An Adrientte Miraculous Fanfiction Story,10-Jul-20,702,2,0.1682,0,,49,2.04,,,
Running Jumping Leaping Towards Love Part 10 An Adrienette Miraculous Ladybug Fanfiction Story,14-Oct-20,898,2,0.1512,0,,69,1.45,,,
Next To You Starstruck Chapter 23 An Adrienette Neighbor AU Miraculous Ladybug Fanfiction,25-Jun-21,1075,2,0.3009,0,0.007,125,0.8,,,
"New Year, New Us a Marichat Oneshot Miraculous Ladybug Fanfic",5-Jan-20,681,2,0.0079,0,,68,1.47,,,
It's Been So Long Part 32 An Adrienette Miraculous Ladybug Fanfiction,18-Apr-21,1064,2,0.148,0,,139,1.44,,,
Bring Me JavaBring Me Joy Ch4/Miraculous Ladybug Adrienette Audiofic Cafe AU Fluff Meet-Cute Pining,16-Feb-22,864,2,0.2185,0,0.009,257,0,,,
Underneath The Mistletoe Part 4 of 5 An Adrienette Christmas AU Miraculous Ladybug Fanfiction,20-Dec-20,923,2,0.2012,0,0.008,85,1.18,,,
Running Jumping Leaping Towards Love part 6 An Adrientte Miraculous Ladybug Fan-fiction story,12-Jun-20,643,2,0.0592,0,,51,1.96,,,
It's Been So Long Part 23 An Adrienette Miraculous Ladybug Fanfiction,25-Sep-20,1465,2,0.2004,0,,82,2.44,,,
And Right There Where We Stood Ch. 2 A Ladynoir Miraculous Ladybug Fanfiction,25-Oct-21,1161,2,0.3282,0,0.015,295,0.34,,,
Can I Ask You A Question Part 4 of 4//Adrienette~A Miraculous Ladybug Love Sqaure Fanfiction Series,7-Oct-20,1001,2,0.0062,0,,32,6.25,,,
It's Been So Long Part 33 An Adrienette Miraculous Ladybug Fanfiction,30-Apr-21,1082,2,0.1509,0,,129,1.55,,,
I promise A Westallen Fanfic The Flash,3-Oct-19,436,2,0.0367,0,,45,2.22,,,
The Princess and her Prince//Day 4 - A Month Long Marichat Miraculous Ladybug Fanfiction,4-Aug-19,389,2,0.1617,0,0.002,45,2.22,,,
The Princess and her Prince//Day 2 - A Month Long Marichat Miraculous Ladybug Fanfiction,2-Aug-19,245,2,0.1017,0,0.001,55,1.82,,,
Running Jumping Leaping towards Love Part 3,20-Mar-20,498,2,0.0721,0,,51,3.92,,,
The Princess and her Prince//Day 29 - A Month Long Marichat Miraculous Ladybug Fanfiction,29-Aug-19,207,2,0.0456,0,,40,2.5,,,
Tossing Rocks At Your Window Ch.5 Finale - A Marichat Miraculous Ladybug Fanfiction,28-Aug-21,877,2,0.1992,1,0.003,172,0.58,,,
"Winter Caroling Ch.1/Miraculous Ladybug Fanfiction|Adrienette AU, Christmas, Fluff, First Meetings",4-Dec-21,845,2,0.002,0,,210,0.95,,,
On The Trail Of Petals Chapter 4 An Adrienette Hanahaki AU Miraculous Ladybug Fanfiction,3-Feb-21,1025,2,0.279,0,,74,1.35,,,
It's Been So Long Part 28 An Adrienette Miraculous Ladybug Fanfiction,30-Dec-20,1202,2,0.1663,0,,93,2.15,,,
Pretty Asian Girl Part 2/3 - An Adrienette Miraculous Ladybug Fan-fiction story,23-May-20,931,2,0.1874,0,0.003,28,3.57,,,
In The Bright Moonlight (You Are My Sun)Day 29 - A LadyNoir July Miraculous Ladybug Fanfiction,1-Aug-21,542,2,0.0314,0,,143,0,,,
The Princess and her Prince//Day 9 - A Month Long Marichat Miraculous Ladybug Fanfiction,9-Aug-19,376,2,0.1563,0,0.002,36,0,,,
It's Been So Long Part 26 An Adrienette Miraculous Ladybug Fanfiction,16-Nov-20,1672,2,0.2285,0,,105,1.9,,,
Oh Saturday Sun I Met Someone Ch13/Miraculous Ladybug Fanfiction Adrienette AU High School Fluff,22-Apr-22,734,2,0.0095,0,0.008,315,0.32,,,
On The Trail Of Petals Chapter 5 A Hanahaki AU Adrientte Miraculous Ladybug Fanfiction Love Story,5-Feb-21,1504,2,0.4125,0,,69,1.45,,,
The Princess and her Prince//Day 10 - A Month Long Marichat Miraculous Ladybug Fanfiction,10-Aug-19,196,2,0.0813,0,0.001,40,2.5,,,
It's Been So Long Part 20 An Adrienette Miraculous Ladybug Fanfiction Story,5-Aug-20,1398,2,0.1933,0,,74,2.7,,,
The 5th and The 1st Chapter 2:6 An Adrienette Miraculous Ladybug Fanfiction,4-Mar-21,663,2,0.2069,,0.011,187,0,,,
It's Been So Long Part 35 An Adrienette Miraculous Ladybug Fanfiction,11-Jun-21,863,2,0.0282,0,,136,1.47,,,
In The Bright Moonlight (You're My Sun)Day 11 - Ladynoir July Miraculous Ladybug Fanfiction,11-Jul-21,696,2,0.0517,0,0,134,0.75,,,
Tossing Rocks At Your Window Ch. 2 - A Marichat Miraculous Ladybug Fanfiction,7-Aug-21,1059,2,0.2954,0,0.005,179,0.56,,,
On The Trail Of Petals Chapter 6 A Hanahaki AU Adrientte Miraculous Ladybug Fanfiction Love Story,7-Feb-21,799,2,0.2185,0,,65,1.54,,,
Running Jumping Leaping towards Love A Miraculous Ladybug Fanfiction Part 4,10-Apr-20,746,2,0.1113,0,0,96,1.04,,,
It's Been So Long Part 31 An Adrienette Miraculous Ladybug Fanfiction,13-Mar-21,1047,2,0.1455,0,,119,1.68,,,
The Princess and her Prince//Day 5 - A Month Long Marichat Miraculous Ladybug Fanfiction,5-Aug-19,254,2,0.1047,0,0.001,39,2.56,,,
"Running, jumping leaping towards love Part 2   A Miraculous Ladybug Adrientte Fanfic",24-Jan-20,855,2,0.1464,0,0,45,0,,,
It's Been So Long Part 30 An Adrienette Miraculous Ladybug Fanfiction,21-Feb-21,1038,2,0.1441,0,,106,1.89,,,
On The Trail Of Petals Chapter 10 A Hanahaki Adrienette Miraculous Ladybug Fanfiction,15-Feb-21,710,2,0.188,0,,67,1.49,,,
Underneath The Mistletoe Part 3 of 5 An Adrienette Christmas AU Miraculous Ladybug Fanfiction,15-Dec-20,969,2,0.1611,0,0.014,94,2.13,,,
It's Been So Long Part 22 An Adrienette Miraculous Ladybug Fanfiction Story,10-Sep-20,1503,2,0.2086,0,,80,1.25,,,
Can I Ask You A Question Part 3 of 4//Marichat ~ A Miraculous Ladybug Love Sqaure Fanfiction,23-Sep-20,723,2,0.0008,0,,48,4.17,,,
Tossing Rocks At Your Window Ch.3 A Marichat Miraculous Ladybug Fanfiction,16-Aug-21,1014,2,0.2899,0,0.005,181,0.55,,,
Tossing Rocks At Your Window Ch. 4 - A Marichat Miraculous Ladybug Fanfiction,19-Aug-21,1002,2,0.2783,0,0.005,176,0.57,,,
The Princess and her Prince//Day 17 - A Month Long Marichat Miraculous Ladybug Fanfiction,17-Aug-19,130,2,0.0182,0,,40,5,,,
It's Been So Long Part 21 An Adrienette Miraculous Ladybug Fanfiction,27-Aug-20,1426,2,0.1982,0,,75,2.67,,,
"Pink, Green, and Blue Part 1 A Powerpuff Girls AU Fanfiction Story",5-Jun-20,645,2,0.0016,0,0,41,2.44,,,
The Princess and her Prince//Day 8- A Month Long Marichat Miraculous Ladybug Fanfiction,8-Aug-19,320,2,0.133,0,0.002,36,2.78,,,
On The Trail Of Petals Chapter 8 A Hanahaki Adrienette Miraculous Ladybug Fanfiction,11-Feb-21,743,2,0.2001,0,,68,1.47,,,
The Princess and her Prince//Day 3 - A Month Long Marichat Miraculous Ladybug Fanfiction,3-Aug-19,278,2,0.1154,0,0.002,52,1.92,,,
Its Been So Long Part 29 An Adrienette Miraculous Ladybug Fanfiction Love Story,6-Jan-21,1502,2,0.2082,0,,95,2.11,,,
Music in the Cafe - Day Eight//A Lukanette Month Long Fanfiction,8-Jun-20,1062,2,0.0029,0,,21,0,,,
It's Been So Long Part 34 An Adrienette Miraculous Ladybug Fanfiction,24-May-21,869,2,0.1211,0,,143,1.4,,,
It's Been So Long Part 19 An Adrienette Miraculous Ladybug Fanfiction Story,20-Jul-20,1738,2,0.2422,0,,73,1.37,,,
On The Trail Of Petals Chatper 7 A Hanahaki AU Adrientte Miraculous Ladybug Fanfiction Love Story,9-Feb-21,1227,2,0.3404,0,,72,1.39,,,
The Princess and her Prince//Day 7 - A Month Long Marichat Miraculous Ladybug Fanfiction,7-Aug-19,271,2,0.1125,0,0.001,36,2.78,,,
Music in the Cafe - Day Twenty-Five//A Lukanette Month long AU Fanfiction story,25-Jun-20,789,2,0.0044,0,0.004,23,0,,,
Everybody Wants To Rule The World - A Song Inspired Brick Jojo Powerpuff Girls Oneshot Fanfiction,18-Aug-20,678,2,0.0025,0,,70,2.86,,,
Underneath The Mistletoe Part 2 of 5 An Adrienette Christmas AU Miraculous Ladybug Fanfiction,10-Dec-20,695,2,0.1449,0,0.006,98,2.04,,,
Music in the Cafe - Day Two//A Lukanette Month Long Fanfiction,2-Jun-20,845,2,0.2092,0,,26,0,,,
Blackbird A Harry Potter FanFic Part 1 of 2,28-Jul-19,267,2,0.008,0,,28,7.14,,,
On The Trail Of Petals Chapter 3 A Hanahaki AU Adrientte Miraculous Ladybug Fanfiction Love Story,1-Feb-21,1104,2,0.3033,0,,75,1.33,,,
In The Bright Moonlight (You're My Sun)Day 10 - Ladynoir July Miraculous Ladybug Fanfiction,10-Jul-21,694,2,0.0006,0,0.001,131,0.76,,,
The Princess and her Prince//Day 6 - A Month Long Marichat Miraculous Ladybug Fanfiction,6-Aug-19,213,2,0.0884,0,0.001,35,2.86,,,
In The Bright Moonlight (You Are My Sun)Day 22 - A LadyNoir July Miraculous Ladybug Fanfiction,22-Jul-21,561,2,0.1103,0,0.014,149,0.67,,,
Music in the Cafe - Day Twenty-Six//A Month long Lukanette AU Miraculous Ladybug Fanfiction Story,26-Jun-20,561,2,0.0016,0,0.009,30,0,,,
The Princess and her Prince//Day 18 - A Month Long Marichat Miraculous Ladybug Fanfiction,18-Aug-19,214,1,0.0296,0,,37,2.7,,,
In The Bright Moonlight (You Are My Sun)Day 15 - A LadyNoir July Miraculous Ladybug Fanfiction,15-Jul-21,536,1,0.0003,0,,137,0.73,,,
Happy Birthday A Miraculous Ladybug OneShot Fanfic,7-Feb-20,700,1,0.1944,0,,45,0,,,
Music in the Cafe-Day Twenty-Nine//A Lukanette Month long AU Fanfiction series,29-Jun-20,678,1,0.0013,0,0.018,32,0,,,
Speaking Just For You//Amorist - A Oneshot Miraculous Ladybug Adrientte Fanfiction,2-Oct-20,1030,1,0.2266,0,,62,0,,,
The Princess and her Prince//Day 25 - A Month Long Marichat Miraculous Ladybug Fanfiction,25-Aug-19,166,1,0.0229,0,,33,3.03,,,
The Princess and her Prince//Day 16 - A Month Long Marichat Miraculous Ladybug Fanfiction,16-Aug-19,154,1,0.0213,0,,40,2.5,,,
I'll Grow A Flower For You Chapter 3:3 Finale An Adrienette Miraculous Ladybug Fanfiction Love Story,23-Jan-21,563,1,0.1503,0,0.021,93,0,,,
Music in the Cafe - Day Five//A Lukanette Month Long Fanfiction,5-Jun-20,769,1,0.0007,0,,31,0,,,
Music in the Cafe - Day Twenty-four//A Lukanette Miraculous Ladybug Fanfiction Story,24-Jun-20,654,1,0.0008,0,0.003,27,0,,,
Music in the Cafe - Day Nineteen//A Lukanette Month Long Fanfiction,19-Jun-20,1066,1,0.0018,0,0.011,24,0,,,
In The Bright Moonlight (You're My Sun)Day 8 - Ladynoir July Miraculous Ladybug Fanfiction,8-Jul-21,527,1,0.0006,0,0.004,135,0.74,,,
The Princess and her Prince//Day 30 - A Month Long Marichat Miraculous Ladybug Fanfiction,30-Aug-19,107,1,0.0147,0,,41,0,,,
You're My Melody A Lukanette Fanfic Miraculous Ladybug,15-Aug-19,310,1,0.0153,0,0.001,87,1.15,,,
Music in the Cafe - Day Seven//A Lukanette Month Long Fanfiction,7-Jun-20,916,1,0.0084,0,,22,0,,,
Music in the Cafe - Day Six/A Lukanette Month Long Fanfiction,6-Jun-20,1445,1,0.0012,0,,25,0,,,
Ships set sail Story 5 Ladrien,9-Jan-20,101,1,0.0278,0,,24,4.17,,,
Music in the Cafe - Day Thirty//A Lukanette Month Long AU Fanfiction Series FINAL DAY,30-Jun-20,912,1,0.0046,0,0.005,29,0,,,
Good Girls Like Bad Boys Part 5/7 - A Tikki and Plagg Fairy AU Miraculous Ladybug Fanfiction,1-May-20,1080,1,0.0001,0,,40,0,,,
The Princess and her Prince//Day 24 - A Month Long Marichat Miraculous Ladybug Fanfiction,24-Aug-19,148,1,0.0204,0,,33,3.03,,,
Running Jumping Leaping Towards Love Part 8 An Adrientte Miraculous Ladybug Fanfiction Story,19-Aug-20,835,1,0.1013,0,,48,0,,,
In The Bright Moonlight (You're My Sun)Day 13 - Ladynoir July Miraculous Ladybug Fanfiction,13-Jul-21,585,1,0.0006,0,,138,0.72,,,
Music in the Cafe - Day Ten//A Lukanette Month Long Fanfiction,10-Jun-20,1000,1,0.0019,0,,23,0,,,
"New school, New cluster, Same fear An Orginal fiction story",17-Oct-19,284,1,0.0181,0,,40,2.5,,,
The Princess and her Prince//Day 19 - A Month Long Marichat Miraculous Ladybug Fanfiction,19-Aug-19,232,1,0.0315,0,,34,2.94,,,
The Princess and her Prince//Day 31 - A Month Long Marichat Miraculous Ladybug Fanfiction,31-Aug-19,291,1,0.0403,0,0.002,42,2.38,,,
Music in the Cafe - Day Four//A Lukanette Month Long Fanfiction,4-Jun-20,907,1,0.0073,0,,27,0,,,
The Princess and her Prince//Day 28 - A Month Long Marichat Miraculous Ladybug Fanfiction,28-Aug-19,300,1,0.0421,0,,49,2.04,,,
Running Jumping Leaping Towards Love Part 9 An Adrienette Miraculous Ladybugs Fanfiction,5-Sep-20,546,1,0.0013,0,,46,0,,,
The Princess and her Prince//Day 27 - A Month Long Marichat Miraculous Ladybug Fanfiction,27-Aug-19,127,1,0.0175,0,,38,2.63,,,
Oh Saturday Sun I Met Someone Ch7/Miraculous Ladybug Fanfiction|Adrienette AU High School Fluff,12-Feb-22,906,1,0.0005,0,,256,0,,,
Broken Hearted An Adrienette Miraculous Ladybug Fanfiction Oneshot,22-Aug-19,257,1,0.0004,,,56,1.79,,,
The Princess and her Prince//Day 22 - A Month Long Marichat Miraculous Ladybug Fanfiction,22-Aug-19,127,1,0.0175,0,,35,2.86,,,
In The Bright Moonlight (You Are My Sun)Day 16 - A LadyNoir July Miraculous Ladybug Fanfiction,16-Jul-21,645,1,0.004,0,,132,0.76,,,
Oh Saturday Sun I Met Someone Ch12/Miraculous Ladybug Fanfiction Adrienette AU High School Fluff,2-Apr-22,778,1,0.0075,0,0.002,300,0,,,
And Right There Where We Stood Ch.3 - A Ladynoir Miraculous Ladybug Fanfiction,4-Nov-21,880,1,0.2443,0,0.019,283,0,,,
The Princess and her Prince//Day 12 - A Month Long Marichat Miraculous Ladybug Fanfiction,12-Aug-19,173,1,0.0239,0,,42,2.38,,,
In The Bright Moonlight (You're My Sun)Day 9 - Ladynoir July Miraculous Ladybug Fanfiction,9-Jul-21,554,1,0.0011,0,,133,0.75,,,
The Princess and her Prince//Day 26 - A Month Long Marichat Miraculous Ladybug Fanfiction,26-Aug-19,168,1,0.0232,0,,37,2.7,,,
Love isn't my thing A Caitlin Snow Fanfic A Flash Fanfic,2-Aug-19,366,1,0.0138,0,0.001,30,0,,,
The Princess and her Prince//Day 21 - A Month Long Marichat Miraculous Ladybug Fanfiction,21-Aug-19,256,1,0.0354,0,,37,2.7,,,
In The Bright Moonlight (You're My Sun)Day 14 - Ladynoir July Miraculous Ladybug Fanfiction,14-Jul-21,679,1,0.0003,0,,136,0.74,,,
The 5th and The 1st Chapter 5:6 An Adrienette Miraculous Ladybug Fanfiction,11-Mar-21,594,1,0,,0.007,111,0.9,,,
Music in the Cafe - Day Twenty//A Lukanette Month Long Fanfiction,20-Jun-20,670,1,0.0022,0,0.003,23,0,,,
In The Bright Moonlight (You're My Sun)Day 12 - Ladynoir July Miraculous Ladybug Fanfiction,12-Jul-21,654,1,0.0003,0,0.003,131,0.76,,,
The Princess and her Prince//Day 13 - A Month Long Marichat Miraculous Ladybug Fanfiction,13-Aug-19,313,1,0.0433,0,,41,2.44,,,
The Princess and her Prince//Day 14 - A Month Long Marichat Miraculous Ladybug Fanfiction,14-Aug-19,211,1,0.0292,0,,40,2.5,,,
Music in the Cafe - Day Twenty-Two//A Lukanette Miraculous Ladybug Fanfiction Story,22-Jun-20,798,1,0.0032,0,0.011,24,0,,,
Music in the Cafe - Day Twenty-Three//A Lukanette Miraculous Ladybug Fanfiction Story,23-Jun-20,494,1,0.0021,0,0.007,28,0,,,
Oh Saturday Sun I Met Someone Ch6/Miraculous Ladybug Fanfiction|Adrienette AU High School Fluff,5-Feb-22,734,1,0.0002,0,0.003,240,0,,,
The Princess and her Prince//Day 20 - A Month Long Marichat Miraculous Ladybug Fanfiction,20-Aug-19,161,1,0.0222,0,,35,2.86,,,
The 5th and The 1st Chapter 3:6 An Adrienette Miraculous Ladybug Fanfiction,7-Mar-21,636,1,0.0015,0,0.009,186,0,,,
Ill Grow A Flower For You Chapter 2:3 An Adrienette AU Miraculous Ladybug Fanfiction Love Story,17-Jan-21,752,1,0.1894,0,0.029,90,0,,,
In The Bright Moonlight (You Are My Sun)Day 28 - A LadyNoir July Miraculous Ladybug Fanfiction,1-Aug-21,509,1,0.0154,0,0.001,140,0,,,
The Princess and her Prince//Day 15 - A Month Long Marichat Miraculous Ladybug Fanfiction,15-Aug-19,165,1,0.0228,0,,43,2.33,,,
Running Jumping Leaping Towards Love Part 12 Finale An Adrientte Miraculous Ladybug Fanfiction Story,20-Nov-20,741,1,0.1841,0,0.005,55,0,,,
Ships Set Sail Story 3 Nathaniel and Marc,27-Sep-19,76,1,0.0194,0,,25,4,,,
Oh Saturday Sun I Met Someone Ch10/Miraculous Ladybug Fanfiction Adrienette AU High School Fluff,5-Mar-22,949,1,0.0004,0,,329,0,,,
Music in the Cafe - Day Twenty-one//A Lukanette Month Long Fanfiction,21-Jun-20,616,1,0.0004,0,0.005,24,0,,,
The Princess and her Prince//Day 23 - A Month Long Marichat Miraculous Ladybug Fanfiction,23-Aug-19,231,1,0.032,0,,33,3.03,,,
The 5th and The 1st Chapter 4:6 An Adrienette Miraculous Ladybug Fanfiction,9-Mar-21,482,0,0,0,0.001,126,0,,,
Diary of 2 Teenage Girls Libby July 19,25-Jul-19,81,,,,,22,0,,,
Running Jumping Leaping Towards Love Part 11 An Adrientte Miraculous Ladybug Fanfiction Story,13-Nov-20,637,,,,,62,0,,,
Traveling To Seattle ~ 2021 VLOG 1: Plane Ride And Arrival (done safely),20-Jun-21,107,,,,,106,0,,,
The 5th and The 1st Chapter 6:6 Finale An Adrienette Miraculous Ladybug Fanfiction,15-Mar-21,444,,,,,96,0,,,
THANK YOU FOR 1K SUBSCRIBERS//UPDATE ON THE 1K SPECIAL then i go off topic but what else is new,24-Feb-21,784,,,,,75,0,,,
And Right There Where We Stood Ch 5 - A Ladynoir Miraculous Ladybug Fanfiction,28-Nov-21,1103,,,,,227,0,,,
In The Bright Moonlight (You Are My Sun)Day 18 - A LadyNoir July Miraculous Ladybug Fanfiction,18-Jul-21,734,,,,,137,0,,,
In The Bright Moonlight (You Are My Sun)Day 30 - A LadyNoir July Miraculous Ladybug Fanfiction,2-Aug-21,466,,,,,145,0,,,
"2021 Seattle Traveling: Vlog Day 2  - Pike Place Market, Chinatown, Downtown Exploration",21-Jun-21,137,,,,,103,0,,,
In The Bright Moonlight (You Are My Sun)Day 26 - A LadyNoir July Miraculous Ladybug Fanfiction,31-Jul-21,512,,,,,137,0,,,
In The Bright Moonlight (You Are My Sun)Day 20 - A LadyNoir July Miraculous Ladybug Fanfiction,20-Jul-21,643,,,,,135,0,,,
Diary of Teenage Girls Libby July 20,26-Jul-19,68,,,,,22,0,,,
Christmas in the town square part 2 of 4 A Miraculous ladybug fanfic,17-Dec-19,587,,,,,22,0,,,
Diary of Teenage Girls Becca July 20,26-Jul-19,84,,,,,21,0,,,
Good Girls Like Bad Boys Part 6 of 7 A Tikki and Plagg Miraculous Fanfiction Story,19-Jun-20,1240,,,,,42,0,,,
Christmas in the town sqaure Part 1 of 4 A Miraculous Ladybug fanfic,7-Dec-19,511,,,,,23,0,,,
Oh Saturday Sun I Met Someone Ch11//Miraculous Ladybug Fanfiction Adrienette AU High School Fluff,12-Mar-22,757,,,,0.016,339,0,,,
Classmates and Coworkers An Adrientte fanfic Part 1 of 4,20-Nov-19,214,,,,,26,0,,,
Speaking Just For You//Vim -  A Oneshot Miraculous Ladybug Adrientte Fanfiction,1-Aug-20,686,,,,,66,0,,,
A Kiss For A Card Chapter 2:3 An Adrienette Miraculous Ladybug Valentine's Day Love Story Fanfiction,13-Feb-21,1563,,,,,97,0,,,
In The Bright Moonlight (You Are My Sun)Day 23 - A LadyNoir July Miraculous Ladybug Fanfiction,30-Jul-21,526,,,,,138,0,,,
Diary of 2 Teenage Girls Becca July 18,24-Jul-19,97,,,,,21,0,,,
"2021 Seattle Vlog Day 3-6: Crumbl Cookie(tiktok), University of Washington Seattle College Tour, etc",25-Jun-21,360,,,,,112,0,,,
A Kiss For A Card Chapter 3:3 An Adrienette Miraculous Ladybug Valentines Day Love Story Fanfiction,14-Feb-21,1111,,,,0.001,86,0,,,
Surprise An Adrientte Fanfic A Miraculous Ladybug Fanfic,30-Jul-19,221,,,,,54,0,,,
Classmates and Coworkers Part 2 of 4 An Adrientte fanfic,28-Nov-19,236,,,,,22,0,,,
In The Bright Moonlight (You Are My Sun)Day 31 - A LadyNoir July Miraculous Ladybug Fanfiction,2-Aug-21,531,,,,,146,0,,,
In The Bright Moonlight (You Are My Sun)Day 19 - A LadyNoir July Miraculous Ladybug Fanfiction,19-Jul-21,609,,,,,133,0,,,
In The Bright Moonlight (You Are My Sun)Day 25 - A LadyNoir July Miraculous Ladybug Fanfiction,30-Jul-21,452,,,,,133,0,,,
Get ready for Marichat August!,28-Jul-19,37,,,,,20,0,,,
"And Right There Where We Stood Ch.6|A Ladynoir Miraculous Ladybug Fanfiction/Future, Fluff, Sunsets",30-Dec-21,933,,,,0.012,228,0.44,,,
Daughter of the Devil and an Angel of God Darhkatom AU Part 1 A Legends of Tommorow Fanfic,21-Jul-19,297,,,,,22,0,,,
Happy Birthday to the Channel! Our One Year Anniversary!,20-Jul-20,763,,,,,29,0,,,
Umbrellas and Macarons are Better in the Rain a Miraculous Ladybug Oneshot fanfic,18-Jan-20,1091,,,,,44,0,,,
Good Girls like Bad Boys Part 3/7 - A Tikki and Plagg Fairy AU Miraculous Fanfiction,6-Mar-20,1175,,,,,46,0,,,
In The Bright Moonlight (You Are My Sun)Day 27 - A LadyNoir July Miraculous Ladybug Fanfiction,31-Jul-21,517,,,,,138,0,,,
Check in on the Channel // Bullet Journal Weekly Spread,28-Apr-20,270,,,,,21,0,,,
Channel Update 10/8/20,8-Oct-20,621,,,,,32,0,,,
Diary of 2 Teenage Girls Becca July 19,25-Jul-19,97,,,,,21,0,,,
In The Bright Moonlight (You Are My Sun)Day 21 - A LadyNoir July Miraculous Ladybug Fanfiction,21-Jul-21,822,,,,,134,0,,,
In The Bright Moonlight (You Are My Sun)Day 17 - A LadyNoir July Miraculous Ladybug Fanfiction,17-Jul-21,783,,,,,136,0,,,
150+ Sub Thank You video!!,18-Mar-20,118,,,,,21,0,,,
Life of a Weasley OneShot A Harry POtter Fanfic,24-Jul-19,272,,,,,51,0,,,
"Winter Caroling Ch 2/Miraculous Ladybug Fanfiction|Adrienette AU, First Date, Fluff, Hot Chocolate",18-Dec-21,879,,,,0.009,189,0,,,
Good Girls like Bad Boy part 4/7 - A Tikki and Plagg Fairy AU Miraculous Fanfiction,27-Mar-20,1460,,,,,45,0,,,
Ships Set Sail Story 2 Alya and Nino,27-Sep-19,89,,,,,22,0,,,
Dancing on piano keys An Adrienette fanfic,14-Nov-19,252,,,,,42,0,,,
In The Bright Moonlight (You Are My Sun)Day 24 - A LadyNoir July Miraculous Ladybug Fanfiction,30-Jul-21,490,,,,,136,0,,,
It's My Birthday!!! - A little talk about randome things,26-Feb-21,837,,,,,70,0,,,
Ships set sail Story 1 Marinette and Luka,23-Sep-19,111,,,,,21,0,,,
Ships set sail Story 4 Marichat,9-Jan-20,156,,,,,22,0,,,
And Right There Where We Stood Ch.4 A Ladynoir Miraculous Ladybug Fanfiction (Audio/Podfic),16-Nov-21,1063,,,,0.007,241,0,,,
It's Been So Long One Year Anniversary Video,21-Jul-20,723,,,,,28,0,,,
Blackbird A Harry Potter Fanfic Part 2 of 2,31-Jul-19,281,,,,,23,0,,,
Good Girls Like Bad Boys Part 2/7 - A Tikki and Plagg Fairy AU Miraculous Ladybug Fanfiction,21-Feb-20,948,,,,,45,0,,,
Good Girls Like Bad Boys Part 7/7 Finale - A Tikki and Plagg Fairy AU Miraculous Ladybug Fanfiction,22-Jul-20,949,,,,,48,0,,,
Music in the Cafe - Day Three//A Lukanette AU Month Long Fanfiction,3-Jun-20,484,,,,,33,0,,,